{
  "source": "Vietnam Customs 2020-2024 avg share (green bean, excl domestic re-exports)",
  "shares": {
    "Germany": 0.158712,
    "Italy": 0.105327,
    "US": 0.087467,
    "Japan": 0.075188,
    "Spain": 0.068616,
    "Russia": 0.057919,
    "Belgium": 0.050618,
    "Algeria": 0.040585,
    "Korea": 0.026373,
    "Philippines": 0.025052,
    "Thailand": 0.024012,
    "UK": 0.023842,
    "Netherlands": 0.023542,
    "Malaysia": 0.020891,
    "China": 0.020136,
    "India": 0.016108,
    "Indonesia": 0.014939,
    "France": 0.014408,
    "Egypt": 0.011406,
    "Switzerland": 0.010667,
    "Australia": 0.010624,
    "Mexico": 0.009516,
    "Portugal": 0.009035,
    "Iran": 0.00893,
    "Poland": 0.007669,
    "Ecuador": 0.007477,
    "Greece": 0.006868,
    "United Arab Emirates": 0.00492,
    "Canada": 0.004823,
    "Morocco": 0.004771,
    "Tunisia": 0.004192,
    "Israel": 0.003786,
    "Dominican Republic": 0.003431,
    "Slovenia": 0.002814,
    "Singapore": 0.002634,
    "Ukraine": 0.002395,
    "Lebanon": 0.002385,
    "South Africa": 0.002228,
    "Georgia": 0.002172,
    "Romania": 0.001615,
    "Syrian Arab Republic": 0.001586,
    "Sweden": 0.00138,
    "Colombia": 0.001348,
    "Croatia": 0.001034,
    "Oman": 0.001011,
    "Jordan": 0.000979,
    "Denmark": 0.000968,
    "Turkey": 0.000885,
    "Chile": 0.000879,
    "Taiwan": 0.000857,
    "Albania": 0.000849,
    "Ireland": 0.000779,
    "Bulgaria": 0.000744,
    "Finland": 0.000725,
    "New Zealand": 0.000723,
    "China, Hong Kong Special Administrative Region": 0.000687,
    "Estonia": 0.000537,
    "Lithuania": 0.00048,
    "Kuwait": 0.000423,
    "Réunion": 0.000406,
    "Latvia": 0.000364,
    "Papua New Guinea": 0.000337,
    "Honduras": 0.000301,
    "Guatemala": 0.000301,
    "Cambodia": 0.000275,
    "Argentina": 0.000243,
    "Venezuela (Bolivarian Republic of)": 0.000223,
    "El Salvador": 0.000211,
    "Saudi Arabia": 0.000193,
    "Brazil": 0.000186,
    "Libya": 0.000156,
    "Norway": 0.000153,
    "Eswatini": 0.000125,
    "China, Macao Special Administrative Region": 0.00012,
    "Andorra": 0.000101,
    "Monaco": 9.3e-05,
    "Sudan": 8.9e-05,
    "Cuba": 8.5e-05,
    "Montenegro": 8.3e-05,
    "Cabo Verde": 7.1e-05,
    "State of Palestine": 6.9e-05,
    "Armenia": 6.3e-05,
    "Nigeria": 6.2e-05,
    "New Caledonia": 6e-05,
    "Nicaragua": 5.8e-05,
    "Sierra Leone": 5.8e-05,
    "Myanmar": 4.8e-05,
    "Antigua and Barbuda": 4.6e-05,
    "Serbia": 4.5e-05,
    "Burkina Faso": 4.5e-05,
    "Malta": 4.4e-05,
    "Costa Rica": 4.2e-05,
    "North Macedonia": 4.2e-05,
    "Senegal": 3.7e-05,
    "Iraq": 3.1e-05,
    "Sri Lanka": 2e-05,
    "Haiti": 1.9e-05,
    "Hungary": 1.9e-05,
    "Trinidad and Tobago": 1.6e-05,
    "Dominica": 1.6e-05,
    "Laos": 1.5e-05,
    "Democratic People's Republic of Korea": 1.3e-05,
    "French Polynesia": 1e-05,
    "Cook Islands": 9e-06,
    "Djibouti": 7e-06,
    "Bangladesh": 5e-06,
    "Kazakhstan": 4e-06,
    "Czechia": 2e-06,
    "Mongolia": 2e-06,
    "Qatar": 2e-06,
    "Gambia": 1e-06,
    "Seychelles": 1e-06,
    "Bahrain": 1e-06,
    "Austria": 0.0,
    "Panama": 0.0,
    "Samoa": 0.0
  }
}